INSERT INTO provincia (idprovincia, provincia, provinciaseo, Abreviatura, comunidad) VALUES
(12, 'Sevilla', 'sevilla', 'SVL', 'AND'),
(13, 'Almería', 'almeria', 'ALM', ''),
(14, 'Córdoba', 'cordoba', 'CBA', 'AND'),
(19, 'Málaga', 'malaga', 'MAL', 'AND'),
(30, 'Granada', 'granada', 'GND', 'AND'),
(42, 'Huelva', 'huelva', 'HLV', 'AND'),
(45, 'Cádiz', 'cadiz', 'CDZ', 'AND'),
(50, 'Jaén', 'jaen', 'JAE', 'AND');

INSERT INTO Servicio (idservicio, nombre) VALUES (1, 'niños'),(2,'barbacoa'),(3,'piscina'),(4,'chimenea'),(5,'cocina completa'),(6,'aire acondicionado');

INSERT INTO poblacion (idpoblacion, idprovincia, poblacion, poblacionseo, postal, latitud, longitud) VALUES
(294, 13, 'Abla', 'abla', 04510, '37.143631', '-2.775700'),
(295, 13, 'Abrucena', 'abrucena', 04520, '37.113466', '-2.837766'),
(296, 13, 'Adra', 'adra', 04770, '36.747860', '-3.022442'),
(297, 13, 'Albánchez', 'albanchez', 04857, '37.287233', '-2.181473'),
(298, 13, 'Alboloduy', 'alboloduy', 04531, '37.033323', '-2.620068'),
(299, 13, 'Albox', 'albox', 04800, '37.389391', '-2.144394'),
(300, 13, 'Alcolea', 'alcolea', 04480, '36.974273', '-2.961245'),
(301, 13, 'Alcóntar', 'alcontar', 04897, '37.336479', '-2.596730'),
(302, 13, 'Alcudia de Monteagud', 'alcudia-de-monteagud', 04276, '37.235829', '-2.266188'),
(303, 13, 'Alhabia', 'alhabia', 04567, '36.989185', '-2.586937'),
(304, 13, 'Alhama de Almería', 'alhama-de-almeria', 04400, '36.958988', '-2.571590'),
(305, 13, 'Alicún', 'alicun', 04409, '36.966146', '-2.601185'),
(306, 13, 'Almería', 'almeria', 04002, '36.837130', '-2.463179'),
(307, 13, 'Almócita', 'almocita', 04458, '37.003444', '-2.790356'),
(308, 13, 'Alsodux', 'alsodux', 04568, '37.001867', '-2.594147'),
(309, 13, 'Antas', 'antas', 04628, '37.244770', '-1.918710'),
(310, 13, 'Arboleas', 'arboleas', 04660, '37.350168', '-2.074184'),
(311, 13, 'Armuña de Almanzora', 'armuna-de-almanzora', 04888, '37.351231', '-2.412450'),
(312, 13, 'Bacares', 'bacares', 04889, '37.262131', '-2.453900'),
(313, 13, 'Bayárcal', 'bayarcal', 04479, '37.030331', '-2.995300'),
(314, 13, 'Bayarque', 'bayarque', 04888, '37.331266', '-2.435875'),
(315, 13, 'Bédar', 'bedar', 04288, '37.190818', '-1.982689'),
(316, 13, 'Beires', 'beires', 04458, '37.012765', '-2.790527'),
(317, 13, 'Benahadux', 'benahadux', 04410, '36.925366', '-2.456732'),
(318, 13, 'Benitagla', 'benitagla', 04276, '37.231012', '-2.239494'),
(319, 13, 'Benizalón', 'benizalon', 04276, '37.211601', '-2.241554'),
(320, 13, 'Bentarique', 'bentarique', 04569, '36.987128', '-2.619381'),
(321, 13, 'Berja', 'berja', 04760, '36.845285', '-2.946396'),
(322, 13, 'Canjáyar', 'canjayar', 04450, '37.009955', '-2.740402'),
(323, 13, 'Cantoria', 'cantoria', 04850, '37.352829', '-2.192116'),
(324, 13, 'Carboneras', 'carboneras', 04140, '36.994738', '-1.893768'),
(325, 13, 'Castro de Filabres', 'castro-de-filabres', 04212, '37.184801', '-2.440681'),
(326, 13, 'Chercos', 'chercos', 04859, '37.254478', '-2.267570'),
(327, 13, 'Chirivel', 'chirivel', 04825, '37.595328', '-2.265587'),
(328, 13, 'Cóbdar', 'cobdar', 04859, '37.261895', '-2.209625'),
(329, 13, 'Cuevas del Almanzora', 'cuevas-del-almanzora', 04610, '37.291191', '-1.878110'),
(330, 13, 'Dalías', 'dalias', 04750, '36.820691', '-2.871895'),
(331, 13, 'Ejido', 'ejido', 04700, '36.772701', '-2.817600'),
(332, 13, 'Enix', 'enix', 04729, '36.877355', '-2.602043'),
(333, 13, 'Felix', 'felix', 04728, '36.868292', '-2.657490'),
(334, 13, 'Fines', 'fines', 04869, '37.358901', '-2.263012'),
(335, 13, 'Fiñana', 'finana', 04500, '37.171397', '-2.840309'),
(336, 13, 'Fondón', 'fondon', 04460, '36.980752', '-2.857132'),
(337, 13, 'Gádor', 'gador', 04560, '36.953801', '-2.492695'),
(338, 13, 'Gallardos', 'gallardos', 04280, '37.170371', '-1.940632'),
(339, 13, 'Garrucha', 'garrucha', 04630, '37.179125', '-1.822186'),
(340, 13, 'Gérgal', 'gergal', 04550, '37.117432', '-2.536520'),
(341, 13, 'Huécija', 'huecija', 04409, '36.967388', '-2.608100'),
(342, 13, 'Huércal de Almería', 'huercal-de-almeria', 04230, '36.879829', '-2.437040'),
(343, 13, 'Huércal-Overa', 'huercal-overa', 04600, '37.390754', '-1.944923'),
(344, 13, 'Illar', 'illar', 04431, '36.985140', '-2.638779'),
(345, 13, 'Instinción', 'instincion', 04430, '36.993110', '-2.660022'),
(346, 13, 'Laroya', 'laroya', 04868, '37.296520', '-2.329445'),
(347, 13, 'Láujar de Andarax', 'laujar-de-andarax', 04470, '36.992989', '-2.893890'),
(348, 13, 'Líjar', 'lijar', 04859, '37.295154', '-2.219753'),
(349, 13, 'Lubrín', 'lubrin', 04271, '37.215429', '-2.064743'),
(350, 13, 'Lucainena de las Torres', 'lucainena-de-las-torres', 04210, '37.041420', '-2.199680'),
(351, 13, 'Lúcar', 'lucar', 04887, '37.398937', '-2.425919'),
(352, 13, 'Macael', 'macael', 04867, '37.332085', '-2.304726'),
(353, 13, 'María', 'maria', 04838, '37.711122', '-2.166023'),
(354, 13, 'Mojácar', 'mojacar', 04638, '37.139656', '-1.850166'),
(355, 13, 'Mojonera', 'mojonera', 04745, '36.753877', '-2.686844'),
(356, 13, 'Nacimiento', 'nacimiento', 04540, '37.104890', '-2.648048'),
(357, 13, 'Níjar', 'nijar', 04100, '36.966078', '-2.206192'),
(358, 13, 'Ohanes', 'ohanes', 04459, '37.037297', '-2.745037'),
(359, 13, 'Olula de Castro', 'olula-de-castro', 04212, '37.175774', '-2.476730'),
(360, 13, 'Olula del Río', 'olula-del-rio', 04860, '37.352352', '-2.298031'),
(361, 13, 'Oria', 'oria', 04810, '37.484530', '-2.293739'),
(362, 13, 'Padules', 'padules', 04458, '36.998303', '-2.773705'),
(363, 13, 'Partaloa', 'partaloa', 04810, '37.405756', '-2.226105'),
(364, 13, 'Paterna del Río', 'paterna-del-rio', 04479, '37.020783', '-2.953949'),
(365, 13, 'Pechina', 'pechina', 04250, '36.916274', '-2.441368'),
(366, 13, 'Pulpí', 'pulpi', 04640, '37.412028', '-1.745453'),
(367, 13, 'Purchena', 'purchena', 04870, '37.348394', '-2.361546'),
(368, 13, 'Rágol', 'ragol', 04440, '36.995835', '-2.680664'),
(369, 13, 'Rioja', 'rioja', 04260, '36.943924', '-2.462482'),
(370, 13, 'Roquetas de Mar', 'roquetas-de-mar', 04740, '36.764673', '-2.614403'),
(371, 13, 'Santa Cruz de Marchena', 'santa-cruz-de-marchena', 04568, '37.016479', '-2.603150'),
(372, 13, 'Santa Fe de Mondújar', 'santa-fe-de-mondujar', 04420, '36.973701', '-2.532740'),
(373, 13, 'Senés', 'senes', 04213, '37.204492', '-2.347298'),
(374, 13, 'Serón', 'seron', 04890, '37.343618', '-2.508144'),
(375, 13, 'Sierro', 'sierro', 04878, '37.323076', '-2.398796'),
(376, 13, 'Somontín', 'somontin', 04877, '37.389663', '-2.389183'),
(377, 13, 'Sorbas', 'sorbas', 04270, '37.097634', '-2.125854'),
(378, 13, 'Suflí', 'sufli', 04878, '37.338159', '-2.389011'),
(379, 13, 'Tabernas', 'tabernas', 04200, '37.049012', '-2.392616'),
(380, 13, 'Taberno', 'taberno', 04692, '37.479490', '-2.057877'),
(381, 13, 'Tahal', 'tahal', 04275, '37.228489', '-2.288060'),
(382, 13, 'Terque', 'terque', 04569, '36.983769', '-2.596893'),
(383, 13, 'Tíjola', 'tijola', 04880, '37.346006', '-2.438278'),
(384, 13, 'Tres Villas', 'tres-villas', 04530, '37.133532', '-2.699804'),
(385, 13, 'Turre', 'turre', 04639, '37.151971', '-1.894112'),
(386, 13, 'Turrillas', 'turrillas', 04211, '37.029760', '-2.264385'),
(387, 13, 'Uleila del Campo', 'uleila-del-campo', 04279, '37.185484', '-2.203801'),
(388, 13, 'Urrácal', 'urracal', 04879, '37.397267', '-2.364721'),
(389, 13, 'Velefique', 'velefique', 04212, '37.193279', '-2.403603'),
(390, 13, 'Vélez-Blanco', 'velez-blanco', 04830, '37.691020', '-2.095985'),
(391, 13, 'Vélez-Rubio', 'velez-rubio', 04820, '37.647675', '-2.072983'),
(392, 13, 'Vera', 'vera', 04620, '37.246523', '-1.868019'),
(393, 13, 'Viator', 'viator', 04240, '36.889609', '-2.426519'),
(394, 13, 'Vícar', 'vicar', 04738, '36.831478', '-2.642212'),
(395, 13, 'Zurgena', 'zurgena', 04650, '37.342731', '-2.039680'),
(1783, 45, 'Alcalá de los Gazules', 'alcala-de-los-gazules', 11180, '36.461951', '-5.723019'),
(1784, 45, 'Alcalá del Valle', 'alcala-del-valle', 11693, '36.904401', '-5.171471'),
(1785, 45, 'Algar', 'algar', 07713, '37.648029', '-0.867800'),
(1786, 45, 'Algeciras', 'algeciras', 11204, '36.127602', '-5.452650'),
(1787, 45, 'Algodonales', 'algodonales', 11680, '36.880878', '-5.405060'),
(1788, 45, 'Arcos de la Frontera', 'arcos-de-la-frontera', 11630, '36.751195', '-5.811596'),
(1789, 45, 'Barbate', 'barbate', 11160, '36.188080', '-5.923110'),
(1790, 45, 'Barrios', 'barrios', 11370, '36.186310', '-5.494650'),
(1791, 45, 'Benalup-Casas Viejas', 'benalup-casas-viejas', 11190, '36.344051', '-5.810010'),
(1792, 45, 'Benaocaz', 'benaocaz', 11612, '36.701141', '-5.422520'),
(1793, 45, 'Bornos', 'bornos', 11640, '36.814542', '-5.743060'),
(1794, 45, 'Bosque', 'bosque', 11670, '36.757487', '-5.505352'),
(1795, 45, 'Cádiz', 'cadiz', 11005, '36.530261', '-6.292462'),
(1796, 45, 'Castellar de la Frontera', 'castellar-de-la-frontera', 11350, '36.285554', '-5.419393'),
(1797, 45, 'Chiclana de la Frontera', 'chiclana-de-la-frontera', 11130, '36.420039', '-6.148567'),
(1798, 45, 'Chipiona', 'chipiona', 11550, '36.740707', '-6.435628'),
(1799, 45, 'Conil de la Frontera', 'conil-de-la-frontera', 11140, '36.277493', '-6.088486'),
(1800, 45, 'Espera', 'espera', 11648, '36.873476', '-5.806231'),
(1801, 45, 'Gastor', 'gastor', 11687, '36.855450', '-5.321417'),
(1802, 45, 'Grazalema', 'grazalema', 11610, '36.758175', '-5.365062'),
(1803, 45, 'Jerez de la Frontera', 'jerez-de-la-frontera', 11403, '36.685405', '-6.137431'),
(1804, 45, 'Jimena de la Frontera', 'jimena-de-la-frontera', 11330, '36.434438', '-5.453124'),
(1805, 45, 'Línea de la Concepción', 'linea-de-la-concepcion', 11300, '36.160365', '-5.348153'),
(1806, 45, 'Medina-Sidonia', 'medina-sidonia', 11170, '36.467888', '-5.928497'),
(1807, 45, 'Olvera', 'olvera', 11690, '36.935417', '-5.267644'),
(1808, 45, 'Paterna de Rivera', 'paterna-de-rivera', 11178, '36.523570', '-5.865712'),
(1809, 45, 'Prado del Rey', 'prado-del-rey', 11660, '36.789972', '-5.555863'),
(1810, 45, 'Puerto de Santa María', 'puerto-de-santa-maria', 11500, '36.597820', '-6.227231'),
(1811, 45, 'Puerto Real', 'puerto-real', 11510, '36.529536', '-6.191483'),
(1812, 45, 'Puerto Serrano', 'puerto-serrano', 11659, '36.922724', '-5.544405'),
(1813, 45, 'Rota', 'rota', 11520, '36.617215', '-6.357908'),
(1814, 45, 'San Fernando', 'san-fernando', 11100, '36.465092', '-6.196804'),
(1815, 45, 'San José del Valle', 'san-josedel-valle', 11580, '36.606123', '-5.798120'),
(1816, 45, 'San Roque', 'san-roque', 11360, '36.210000', '-5.384459'),
(1817, 45, 'Sanlúcar de Barrameda', 'sanlucar-de-barrameda', 11540, '36.778492', '-6.354089'),
(1818, 45, 'Setenil de las Bodegas', 'setenil-de-las-bodegas', 11692, '36.863965', '-5.179839'),
(1819, 45, 'Tarifa', 'tarifa', 11380, '36.014394', '-5.603714'),
(1820, 45, 'Torre Alháquime', 'torre-alhaquime', 11691, '36.916000', '-5.234256'),
(1821, 45, 'Trebujena', 'trebujena', 11560, '36.869699', '-6.176763'),
(1822, 45, 'Ubrique', 'ubrique', 11600, '36.678125', '-5.446343'),
(1823, 45, 'Vejer de la Frontera', 'vejer-de-la-frontera', 11150, '36.251610', '-5.963173'),
(1824, 45, 'Villaluenga del Rosario', 'villaluenga-del-rosario', 11611, '36.696778', '-5.388794'),
(1825, 45, 'Villamartín', 'villamartin', 11650, '36.861734', '-5.641780'),
(1826, 45, 'Zahara', 'zahara', 11688, '36.840511', '-5.389652'),
(2067, 14, 'Adamuz', 'adamuz', 14430, '38.027809', '-4.524660'),
(2068, 14, 'Aguilar de la Frontera', 'aguilar-de-la-frontera', 14920, '37.514511', '-4.657650'),
(2069, 14, 'Alcaracejos', 'alcaracejos', 14480, '38.389809', '-4.968530'),
(2070, 14, 'Almedinilla', 'almedinilla', 14812, '37.440208', '-4.094880'),
(2071, 14, 'Almodóvar del Río', 'almodovar-del-rio', 14720, '37.809380', '-5.019820'),
(2072, 14, 'Añora', 'anora', 14450, '38.412552', '-4.895070'),
(2073, 14, 'Baena', 'baena', 14850, '37.617001', '-4.323960'),
(2074, 14, 'Belalcázar', 'belalcazar', 14280, '38.578899', '-5.162640'),
(2075, 14, 'Belmez', 'belmez', 14240, '38.270802', '-5.207520'),
(2076, 14, 'Benamejí', 'benameji', 14910, '37.272060', '-4.541280'),
(2077, 14, 'Blázquez', 'blazquez', 14208, '38.406590', '-5.438880'),
(2078, 14, 'Bujalance', 'bujalance', 14650, '37.896192', '-4.383545'),
(2079, 14, 'Cabra', 'cabra', 14940, '37.472580', '-4.446730'),
(2080, 14, 'Cañete de las Torres', 'canete-de-las-torres', 14660, '37.867390', '-4.318470'),
(2081, 14, 'Carcabuey', 'carcabuey', 14810, '37.442581', '-4.272690'),
(2082, 14, 'Cardeña', 'cardena', 14445, '38.273918', '-4.325240'),
(2083, 14, 'Carlota', 'carlota', 14100, '37.673461', '-4.932346'),
(2084, 14, 'Carpio', 'carpio', 14620, '41.212780', '-5.112390'),
(2085, 14, 'Castro del Río', 'castro-del-rio', 14840, '37.692310', '-4.476590'),
(2086, 14, 'Conquista', 'conquista', 14448, '38.408608', '-4.500790'),
(2087, 14, 'Córdoba', 'cordoba', 14001, '37.877941', '-4.778400'),
(2088, 14, 'Doña Mencía', 'dona-mencia', 14860, '37.554611', '-4.357770'),
(2089, 14, 'Dos Torres', 'dos-torres', 14460, '38.445202', '-4.899130'),
(2090, 14, 'Encinas Reales', 'encinas-reales', 14913, '37.276329', '-4.487170'),
(2091, 14, 'Espejo', 'espejo', 14830, '37.682801', '-4.552288'),
(2092, 14, 'Espiel', 'espiel', 14220, '38.188431', '-5.018190'),
(2093, 14, 'Fernán-Núñez', 'fernan-nunez', 14520, '37.672476', '-4.724293'),
(2094, 14, 'Fuente la Lancha', 'fuente-la-lancha', 14260, '38.422668', '-5.047210'),
(2095, 14, 'Fuente Obejuna', 'fuente-obejuna', 14290, '38.269329', '-5.420050'),
(2096, 14, 'Fuente Palmera', 'fuente-palmera', 14120, '37.703541', '-5.104030'),
(2097, 14, 'Fuente-Tójar', 'fuente-tojar', 14815, '37.512245', '-4.146652'),
(2098, 14, 'Granjuela', 'granjuela', 14207, '38.371338', '-5.351543'),
(2099, 14, 'Guadalcázar', 'guadalcazar', 14130, '37.758572', '-4.941980'),
(2100, 14, 'Guijo', 'guijo', 14413, '38.496170', '-4.782940'),
(2101, 14, 'Hinojosa del Duque', 'hinojosa-del-duque', 14270, '38.498268', '-5.140350'),
(2102, 14, 'Hornachuelos', 'hornachuelos', 14740, '37.830921', '-5.242800'),
(2103, 14, 'Iznájar', 'iznajar', 14970, '37.257912', '-4.305180'),
(2104, 14, 'Lucena', 'lucena', 14900, '37.412437', '-4.485168'),
(2105, 14, 'Luque', 'luque', 14880, '37.556660', '-4.283020'),
(2106, 14, 'Montalbán de Córdoba', 'montalban-de-cordoba', 14548, '37.584339', '-4.748710'),
(2107, 14, 'Montemayor', 'montemayor', 14530, '37.649985', '-4.700775'),
(2108, 14, 'Montilla', 'montilla', 14550, '37.581779', '-4.640460'),
(2109, 14, 'Montoro', 'montoro', 14600, '38.026039', '-4.381600'),
(2110, 14, 'Monturque', 'monturque', 14930, '37.471760', '-4.579930'),
(2111, 14, 'Moriles', 'moriles', 14510, '37.435349', '-4.608230'),
(2112, 14, 'Nueva Carteya', 'nueva-carteya', 14857, '37.587059', '-4.469050'),
(2113, 14, 'Obejo', 'obejo', 14310, '38.131802', '-4.800070'),
(2114, 14, 'Palenciana', 'palenciana', 14914, '37.247139', '-4.582440'),
(2115, 14, 'Palma del Río', 'palma-del-rio', 14700, '37.700420', '-5.279600'),
(2116, 14, 'Pedro Abad', 'pedro-abad', 14630, '37.965012', '-4.459420'),
(2117, 14, 'Pedroche', 'pedroche', 14412, '38.429352', '-4.762380'),
(2118, 14, 'Peñarroya-Pueblonuevo', 'penarroya-pueblonuevo', 14200, '38.300701', '-5.268250'),
(2119, 14, 'Posadas', 'posadas', 14730, '37.802090', '-5.108700'),
(2120, 14, 'Pozoblanco', 'pozoblanco', 14400, '38.381039', '-4.849230'),
(2121, 14, 'Priego de Córdoba', 'priego-de-cordoba', 14800, '37.441368', '-4.196300'),
(2122, 14, 'Puente Genil', 'puente-genil', 14500, '37.390911', '-4.777950'),
(2123, 14, 'Rambla', 'rambla', 14540, '37.608112', '-4.739571'),
(2124, 14, 'Rute', 'rute', 14960, '37.327629', '-4.364340'),
(2125, 14, 'San Sebastián de los Ballesteros', 'san-sebastian-de-los-ballesteros', 14150, '37.651859', '-4.826520'),
(2126, 14, 'Santa Eufemia', 'santa-eufemia', 14491, '38.598671', '-4.905910'),
(2127, 14, 'Santaella', 'santaella', 14546, '37.563320', '-4.840760'),
(2128, 14, 'Torrecampo', 'torrecampo', 14410, '38.476768', '-4.678330'),
(2129, 14, 'Valenzuela', 'valenzuela', 14670, '37.774582', '-4.219437'),
(2130, 14, 'Valsequillo', 'valsequillo', 14206, '38.405043', '-5.352402'),
(2131, 14, 'Victoria', 'victoria', 14140, '37.681511', '-4.852180'),
(2132, 14, 'Villa del Río', 'villa-del-rio', 14640, '37.982910', '-4.297080'),
(2133, 14, 'Villafranca de Córdoba', 'villafranca-de-cordoba', 14420, '37.964321', '-4.543440'),
(2134, 14, 'Villaharta', 'villaharta', 14210, '38.139542', '-4.901750'),
(2135, 14, 'Villanueva de Córdoba', 'villanueva-de-cordoba', 14440, '38.322109', '-4.621980'),
(2136, 14, 'Villanueva del Duque', 'villanueva-del-duque', 14250, '38.395790', '-4.999310'),
(2137, 14, 'Villanueva del Rey', 'villanueva-del-rey', 14230, '38.199821', '-5.151570'),
(2138, 14, 'Villaralto', 'villaralto', 14490, '38.455540', '-4.983930'),
(2139, 14, 'Villaviciosa de Córdoba', 'villaviciosa-de-cordoba', 14300, '38.076118', '-5.014310'),
(2140, 14, 'Viso', 'viso', 14470, '38.482889', '-4.953461'),
(2141, 14, 'Zuheros', 'zuheros', 14870, '37.544800', '-4.314780'),
(2699, 30, 'Agrón', 'agron', 18132, '37.030640', '-3.830479'),
(2700, 30, 'Alamedilla', 'alamedilla-granada', 18520, '37.582999', '-3.244756'),
(2701, 30, 'Albolote', 'albolote', 18220, '37.233285', '-3.658544'),
(2702, 30, 'Albondón', 'albondon', 18708, '36.826189', '-3.212654'),
(2703, 30, 'Albuñán', 'albunan', 18518, '37.227116', '-3.133163'),
(2704, 30, 'Albuñol', 'albunol', 18700, '36.791075', '-3.204024'),
(2705, 30, 'Albuñuelas', 'albunuelas', 18659, '36.928990', '-3.627644'),
(2706, 30, 'Aldeire', 'aldeire', 18514, '37.164034', '-3.072167'),
(2707, 30, 'Alfacar', 'alfacar', 18170, '37.239537', '-3.565332'),
(2708, 30, 'Algarinejo', 'algarinejo', 18280, '37.327123', '-4.155269'),
(2709, 30, 'Alhama de Granada', 'alhama-de-granada', 18120, '37.005650', '-3.990989'),
(2710, 30, 'Alhendín', 'alhendin', 18620, '37.107390', '-3.641524'),
(2711, 30, 'Alicún de Ortega', 'alicun-de-ortega', 18538, '37.609750', '-3.137794'),
(2712, 30, 'Almegíjar', 'almegijar', 18438, '36.902354', '-3.302416'),
(2713, 30, 'Almuñécar', 'almunecar', 18690, '36.736745', '-3.688269'),
(2714, 30, 'Alpujarra de la Sierra', 'alpujarra-de-la-sierra', 18450, '36.984260', '-3.153954'),
(2715, 30, 'Alquife', 'alquife', 18518, '37.178255', '-3.115419'),
(2716, 30, 'Arenas del Rey', 'arenas-del-rey', 18126, '36.959940', '-3.892249'),
(2717, 30, 'Armilla', 'armilla', 18100, '37.145973', '-3.623358'),
(2718, 30, 'Atarfe', 'atarfe', 18230, '37.222876', '-3.690316'),
(2719, 30, 'Baza', 'baza', 18800, '37.493005', '-2.770409'),
(2720, 30, 'Beas de Granada', 'beas-de-granada', 18184, '37.221505', '-3.481819'),
(2721, 30, 'Beas de Guadix', 'beas-de-guadix', 18516, '37.277244', '-3.205949'),
(2722, 30, 'Benalúa', 'benalua', 18510, '37.350271', '-3.168011'),
(2723, 30, 'Benalúa de las Villas', 'benalua-de-las-villas', 18566, '37.430120', '-3.683224'),
(2724, 30, 'Benamaurel', 'benamaurel', 18817, '37.610060', '-2.702659'),
(2725, 30, 'Bérchules', 'berchules', 18451, '36.974825', '-3.190034'),
(2726, 30, 'Bubión', 'bubion', 18412, '36.949017', '-3.356999'),
(2727, 30, 'Busquístar', 'busquistar', 18416, '36.936807', '-3.295898'),
(2728, 30, 'Cacín', 'cacin', 18129, '37.060383', '-3.917141'),
(2729, 30, 'Cádiar', 'cadiar', 18440, '36.947011', '-3.180456'),
(2730, 30, 'Cájar', 'cajar', 18199, '37.134336', '-3.570149'),
(2731, 30, 'Calahorra', 'calahorra', 18512, '37.182202', '-3.065014'),
(2732, 30, 'Calicasas', 'calicasas', 18290, '37.273472', '-3.617892'),
(2733, 30, 'Campotéjar', 'campotejar', 18565, '37.481295', '-3.614717'),
(2734, 30, 'Caniles', 'caniles', 18810, '37.437248', '-2.722206'),
(2735, 30, 'Cáñar', 'canar', 18418, '36.926773', '-3.428121'),
(2736, 30, 'Capileira', 'capileira', 18413, '36.961072', '-3.359842'),
(2737, 30, 'Carataunas', 'carataunas', 18410, '36.923067', '-3.407307'),
(2738, 30, 'Cástaras', 'castaras', 18439, '36.931815', '-3.253584'),
(2739, 30, 'Castilléjar', 'castillejar', 18818, '37.715331', '-2.642663'),
(2740, 30, 'Castril', 'castril', 18816, '37.796628', '-2.780056'),
(2741, 30, 'Cenes de la Vega', 'cenes-de-la-vega', 18190, '37.159872', '-3.536739'),
(2742, 30, 'Chauchina', 'chauchina', 18330, '37.201791', '-3.772688'),
(2743, 30, 'Chimeneas', 'chimeneas', 18329, '37.131582', '-3.823671'),
(2744, 30, 'Churriana de la Vega', 'churriana-de-la-vega', 18194, '37.148345', '-3.645401'),
(2745, 30, 'Cijuela', 'cijuela', 18339, '37.200116', '-3.811011'),
(2746, 30, 'Cogollos de Guadix', 'cogollos-de-guadix', 18518, '37.225544', '-3.159943'),
(2747, 30, 'Cogollos de la Vega', 'cogollos-de-la-vega', 18211, '37.274531', '-3.572917'),
(2748, 30, 'Colomera', 'colomera', 18564, '37.372272', '-3.713679'),
(2749, 30, 'Cortes de Baza', 'cortes-de-baza', 18814, '37.655320', '-2.769842'),
(2750, 30, 'Cortes y Graena', 'cortes-y-graena', 18517, '37.304030', '-3.218780'),
(2751, 30, 'Cuevas del Campo', 'cuevas-del-campo', 18813, '37.609064', '-2.930603'),
(2752, 30, 'Cúllar', 'cullar', 18850, '37.583766', '-2.576509'),
(2753, 30, 'Cúllar Vega', 'cullar-vega', 18195, '37.153373', '-3.670678'),
(2754, 30, 'Darro', 'darro', 18181, '37.350134', '-3.292379'),
(2755, 30, 'Dehesas de Guadix', 'dehesas-de-guadix', 18538, '37.589207', '-3.102264'),
(2756, 30, 'Deifontes', 'deifontes', 18570, '37.325397', '-3.594546'),
(2757, 30, 'Diezma', 'diezma', 18180, '37.321199', '-3.332505'),
(2758, 30, 'Dílar', 'dilar', 18152, '37.075244', '-3.601842'),
(2759, 30, 'Dólar', 'dolar', 18512, '37.180322', '-2.989311'),
(2760, 30, 'Dúdar', 'dudar', 18192, '37.185792', '-3.484254'),
(2761, 30, 'Dúrcal', 'durcal', 18650, '36.987677', '-3.566308'),
(2762, 30, 'Escúzar', 'escuzar', 18130, '37.062763', '-3.761616'),
(2763, 30, 'Ferreira', 'ferreira', 18513, '37.172491', '-3.035831'),
(2764, 30, 'Fonelas', 'fonelas', 18515, '37.413800', '-3.172903'),
(2765, 30, 'Freila', 'freila', 18812, '37.529400', '-2.907944'),
(2766, 30, 'Fuente Vaqueros', 'fuente-vaqueros', 18340, '37.220282', '-3.783331'),
(2767, 30, 'Gabias', 'gabias', 18110, '37.135005', '-3.698321'),
(2768, 30, 'Galera', 'lagalera', 18840, '37.743147', '-2.550673'),
(2769, 30, 'Gobernador', 'gobernador', 18563, '37.477847', '-3.321133'),
(2770, 30, 'Gójar', 'gojar', 18150, '37.104531', '-3.606005'),
(2771, 30, 'Gor', 'gor', 18870, '37.369731', '-2.969055'),
(2772, 30, 'Gorafe', 'gorafe', 18890, '37.479064', '-3.043685'),
(2773, 30, 'Granada', 'granada-', 18001, '37.176449', '-3.596735'),
(2774, 30, 'Guadahortuna', 'guadahortuna', 18560, '37.556877', '-3.400269'),
(2775, 30, 'Guadix', 'guadix', 18500, '37.300839', '-3.134623'),
(2776, 30, 'Guajares', 'guajares', 18615, '36.846058', '-3.610682'),
(2777, 30, 'Gualchos', 'gualchos', 18614, '36.743647', '-3.388982'),
(2778, 30, 'Granada', 'granada', 18001, '37.176347', '-3.595855'),
(2780, 30, 'Huélago', 'huelago', 18540, '37.420685', '-3.260708'),
(2781, 30, 'Huéneja', 'hueneja', 18512, '37.177193', '-2.948155'),
(2782, 30, 'Huéscar', 'huescar', 18830, '37.809453', '-2.539279'),
(2783, 30, 'Huétor de Santillán', 'huetor-de-santillan', 18183, '37.218659', '-3.517041'),
(2784, 30, 'Huétor Tájar', 'huetor-tajar', 18360, '37.194835', '-4.046917'),
(2785, 30, 'Huétor Vega', 'huetor-vega', 18198, '37.152570', '-3.576264'),
(2786, 30, 'Illora', 'illora', 18260, '37.288787', '-3.879504'),
(2787, 30, 'Itrabo', 'itrabo', 18612, '36.799586', '-3.639243'),
(2788, 30, 'Iznalloz', 'iznalloz', 18550, '37.393363', '-3.528628'),
(2789, 30, 'Jayena', 'jayena', 18127, '36.958517', '-3.893709'),
(2790, 30, 'Jerez del Marquesado', 'jerez-del-marquesado', 18518, '37.185382', '-3.157969'),
(2791, 30, 'Jete', 'jete', 18699, '36.834689', '-3.673768'),
(2792, 30, 'Jun', 'jun', 18213, '37.220607', '-3.594503'),
(2793, 30, 'Juviles', 'juviles', 18452, '36.948228', '-3.226805'),
(2794, 30, 'Láchar', 'lachar', 18327, '37.194937', '-3.833971'),
(2795, 30, 'Lanjarón', 'lanjaron', 18420, '36.918281', '-3.479662'),
(2796, 30, 'Lanteira', 'lanteira', 18518, '37.168747', '-3.137584'),
(2797, 30, 'Lecrín', 'lecrin', 18656, '36.947817', '-3.549614'),
(2798, 30, 'Lentegí', 'lentegi', 18699, '36.833771', '-3.674777'),
(2799, 30, 'Lobras', 'lobras', 18449, '36.928162', '-3.212042'),
(2800, 30, 'Loja', 'loja', 18300, '37.168849', '-4.150944'),
(2801, 30, 'Lugros', 'lugros', 18516, '37.230132', '-3.240838'),
(2802, 30, 'Lújar', 'lujar', 18614, '36.787721', '-3.401599'),
(2803, 30, 'Malaha', 'malaha', 18130, '37.101348', '-3.722262'),
(2804, 30, 'Maracena', 'maracena', 18200, '37.205774', '-3.636689'),
(2805, 30, 'Marchal', 'marchal', 18516, '37.257540', '-3.231740'),
(2806, 30, 'Moclín', 'moclin', 18247, '37.341827', '-3.785777'),
(2807, 30, 'Molvízar', 'molvizar', 18611, '36.786999', '-3.607292'),
(2808, 30, 'Monachil', 'monachil', 18193, '37.132147', '-3.538756'),
(2809, 30, 'Montefrío', 'montefrio', 18270, '37.321045', '-4.010868'),
(2810, 30, 'Montejícar', 'montejicar', 18561, '37.572151', '-3.504682'),
(2811, 30, 'Montillana', 'montillana', 18569, '37.501674', '-3.672395'),
(2812, 30, 'Moraleda de Zafayona', 'moraleda-de-zafayona', 18370, '37.170149', '-3.967180'),
(2813, 30, 'Morelábor', 'morelabor', 18540, '37.431063', '-3.310189'),
(2814, 30, 'Motril', 'motril', 18600, '36.745126', '-3.516355'),
(2815, 30, 'Murtas', 'murtas', 18490, '36.887361', '-3.109560'),
(2816, 30, 'Nevada', 'nevada', 18196, '37.094527', '-3.394797'),
(2817, 30, 'Niguelas', 'niguela', 18657, '36.977135', '-3.539057'),
(2818, 30, 'Nívar', 'nivar', 18214, '37.257668', '-3.578367'),
(2819, 30, 'Ogíjares', 'ogijares', 18151, '37.119863', '-3.608108'),
(2820, 30, 'Orce', 'orce', 18858, '37.721561', '-2.479649'),
(2821, 30, 'Órgiva', 'orgiva', 18400, '36.901585', '-3.425619'),
(2822, 30, 'Otívar', 'otivar', 18698, '36.815040', '-3.681450'),
(2823, 30, 'Otura', 'otura', 18630, '37.094553', '-3.635015'),
(2824, 30, 'Padul', 'padul', 18640, '37.024655', '-3.626390'),
(2825, 30, 'Pampaneira', 'pampaneira', 18411, '36.940288', '-3.361645'),
(2826, 30, 'Pedro Martínez', 'pedro-martinez', 18530, '37.502202', '-3.230667'),
(2827, 30, 'Peligros', 'peligros', 18210, '37.231114', '-3.629994'),
(2828, 30, 'Peza', 'peza', 18517, '37.275760', '-3.284612'),
(2829, 30, 'Pinar', 'elpinar', 18568, '37.443381', '-3.439064'),
(2830, 30, 'Pinos Genil', 'pinos-genil', 18191, '37.163155', '-3.502064'),
(2831, 30, 'Pinos Puente', 'pinos-puente', 18240, '37.251886', '-3.751316'),
(2832, 30, 'Píñar', 'pinar', 18568, '37.443415', '-3.439021'),
(2833, 30, 'Polícar', 'policar', 18516, '37.257762', '-3.231997'),
(2834, 30, 'Polopos', 'polopos', 18710, '36.795815', '-3.298473'),
(2835, 30, 'Pórtugos', 'portugos', 18415, '36.942689', '-3.310575'),
(2836, 30, 'Puebla de Don Fadrique', 'puebla-de-don-fadrique', 18820, '37.957666', '-2.435188'),
(2837, 30, 'Pulianas', 'pulianas', 18197, '37.222913', '-3.608322'),
(2838, 30, 'Purullena', 'purullena', 18519, '37.317854', '-3.190026'),
(2839, 30, 'Quéntar', 'quentar', 18192, '37.192083', '-3.469234'),
(2840, 30, 'Rubite', 'rubite', 18711, '36.809147', '-3.347869'),
(2841, 30, 'Salar', 'salar', 18310, '37.149063', '-4.067559'),
(2842, 30, 'Salobreña', 'salobrena', 18680, '36.747275', '-3.587465'),
(2843, 30, 'Santa Cruz del Comercio', 'santa-cruz-del-comercio', 18129, '37.061479', '-3.977566'),
(2844, 30, 'Santa Fe', 'santa-fe', 18320, '37.189656', '-3.719044'),
(2845, 30, 'Soportújar', 'soportujar', 18410, '36.928145', '-3.404860'),
(2846, 30, 'Sorvilán', 'sorvilan', 18713, '36.795265', '-3.266888'),
(2847, 30, 'Taha', 'taha', 04275, '37.228415', '-2.284641'),
(2848, 30, 'Torre-Cardela', 'torre-cardela', 18563, '37.504653', '-3.356066'),
(2849, 30, 'Torvizcón', 'torvizcon', 18430, '36.877595', '-3.298430'),
(2850, 30, 'Trevélez', 'trevelez', 18417, '37.003512', '-3.267403'),
(2851, 30, 'Turón', 'turon', 18491, '36.863622', '-3.171573'),
(2852, 30, 'Ugíjar', 'ugijar', 18480, '36.960900', '-3.055015'),
(2853, 30, 'Valle', 'valle', 18658, '36.932604', '-3.592143'),
(2854, 30, 'Valle del Zalabí', 'valle-del-zalabi', 18511, '37.286346', '-3.008494'),
(2855, 30, 'Válor', 'valor', 18470, '36.995287', '-3.083467'),
(2856, 30, 'Vegas del Genil', 'vegas-del-genil', 18102, '37.168080', '-3.698831'),
(2857, 30, 'Vélez de Benaudalla', 'velez-de-benaudalla', 18670, '36.832439', '-3.515882'),
(2858, 30, 'Ventas de Huelma', 'ventas-de-huelma', 18131, '37.068944', '-3.821912'),
(2859, 30, 'Villamena', 'villamena', 18659, '36.990625', '-3.588324'),
(2860, 30, 'Villanueva de las Torres', 'villanueva-de-las-torres', 18539, '37.557302', '-3.089604'),
(2861, 30, 'Villanueva Mesía', 'villanueva-mesia', 18369, '37.213686', '-4.010053'),
(2862, 30, 'Víznar', 'viznar', 18179, '37.230465', '-3.553648'),
(2863, 30, 'Zafarraya', 'zafarraya', 18128, '36.975610', '-4.143991'),
(2864, 30, 'Zagra', 'zagra', 18311, '37.253150', '-4.168024'),
(2865, 30, 'Zubia', 'lazubia', 18140, '37.120872', '-3.584375'),
(2866, 30, 'Zújar', 'zujar', 18811, '37.540426', '-2.842369'),
(3246, 42, 'Alájar', 'alajar', 21340, '37.874980', '-6.668224'),
(3247, 42, 'Aljaraque', 'aljaraque', 21110, '37.270915', '-7.024199'),
(3248, 42, 'Almendro', 'almendro', 21593, '37.506866', '-7.267799'),
(3249, 42, 'Almonaster la Real', 'almonaster-la-real', 21350, '37.873650', '-6.787906'),
(3250, 42, 'Almonte', 'almonte', 21730, '37.260860', '-6.517379'),
(3251, 42, 'Alosno', 'alosno', 21520, '37.548790', '-7.120294'),
(3252, 42, 'Aracena', 'aracena', 21200, '37.892945', '-6.561244'),
(3253, 42, 'Aroche', 'aroche', 21240, '37.945879', '-6.955840'),
(3254, 42, 'Arroyomolinos de León', 'arroyomolinos-de-leon', 21280, '38.024158', '-6.422855'),
(3255, 42, 'Ayamonte', 'ayamonte', 21400, '37.217257', '-7.409034'),
(3256, 42, 'Beas', 'beas', 21630, '37.426080', '-6.793359'),
(3257, 42, 'Berrocal', 'berrocal', 21647, '37.607968', '-6.541961'),
(3258, 42, 'Bollullos Par del Condado', 'bollullos-par-del-condado', 21710, '37.336487', '-6.536307'),
(3259, 42, 'Bonares', 'bonares', 21830, '37.322120', '-6.677971'),
(3260, 42, 'Cabezas Rubias', 'cabezas-rubias', 21580, '37.725379', '-7.087555'),
(3261, 42, 'Cala', 'cala', 21270, '37.972113', '-6.317310'),
(3262, 42, 'Calañas', 'calanas', 21300, '37.655014', '-6.878128'),
(3263, 42, 'Campillo', 'El campillo', 02462, '41.258146', '-5.013413'),
(3264, 42, 'Campofrío', 'campofrio', 21668, '37.768272', '-6.572142'),
(3265, 42, 'Cañaveral de León', 'canaveral-de-leon', 21388, '38.017195', '-6.528454'),
(3266, 42, 'Cartaya', 'cartaya', 21450, '37.283682', '-7.155190'),
(3267, 42, 'Castaño del Robledo', 'castano-del-robledo', 21292, '37.896395', '-6.704063'),
(3268, 42, 'Cerro de Andévalo', 'cerro-de-andevalo', 21320, '37.735562', '-6.938896'),
(3269, 42, 'Chucena', 'chucena', 21891, '37.361289', '-6.392498'),
(3270, 42, 'Corteconcepción', 'corteconcepcion', 21209, '37.896124', '-6.506910'),
(3271, 42, 'Cortegana', 'cortegana', 21230, '37.909060', '-6.820621'),
(3272, 42, 'Cortelazor', 'cortelazor', 21208, '37.935432', '-6.623425'),
(3273, 42, 'Cumbres de Enmedio', 'cumbres-de-enmedio', 21387, '38.071643', '-6.693335'),
(3274, 42, 'Cumbres de San Bartolomé', 'cumbres-de-san-bartolome', 21386, '38.076372', '-6.743588'),
(3275, 42, 'Cumbres Mayores', 'cumbres-mayores', 21380, '38.064514', '-6.646729'),
(3276, 42, 'Encinasola', 'encinasola', 21390, '38.135704', '-6.872549'),
(3277, 42, 'Escacena del Campo', 'escacena-del-campo', 21870, '37.411278', '-6.391983'),
(3278, 42, 'Fuenteheridos', 'fuenteheridos', 21292, '37.903235', '-6.659517'),
(3279, 42, 'Galaroza', 'galaroza', 21291, '37.927138', '-6.709471'),
(3280, 42, 'Gibraleón', 'gibraleon', 21500, '37.374454', '-6.970482'),
(3281, 42, 'Granada de Río-Tinto', 'granada-de-rio-tinto', 21668, '37.769256', '-6.508584'),
(3282, 42, 'Granado', 'El granado', 21594, '37.518849', '-7.414570'),
(3283, 42, 'Higuera de la Sierra', 'higuera-de-la-sierra', 21220, '37.838564', '-6.447687'),
(3284, 42, 'Hinojales', 'hinojales', 21388, '38.008573', '-6.588964'),
(3285, 42, 'Hinojos', 'hinojos', 21740, '37.292935', '-6.376405'),
(3286, 42, 'Huelva', 'huelva', 21004, '37.257796', '-6.948080'),
(3287, 42, 'Isla Cristina', 'isla-cristina', 21410, '37.200390', '-7.327194'),
(3288, 42, 'Jabugo', 'jabugo', 21290, '37.916915', '-6.728354'),
(3289, 42, 'Lepe', 'lepe', 21440, '37.254585', '-7.203169'),
(3290, 42, 'Linares de la Sierra', 'linares-de-la-sierra', 21207, '37.880476', '-6.622224'),
(3291, 42, 'Lucena del Puerto', 'lucena-del-puerto', 21820, '37.304440', '-6.729984'),
(3292, 42, 'Manzanilla', 'manzanilla', 21890, '37.387652', '-6.428976'),
(3293, 42, 'Marines', 'Los marines', 21208, '37.903337', '-6.624241'),
(3294, 42, 'Minas de Riotinto', 'minas-de-riotinto', 21660, '37.694280', '-6.591024'),
(3295, 42, 'Moguer', 'moguer', 21800, '37.274668', '-6.835041'),
(3296, 42, 'Nava', 'La nava', 01309, '37.963520', '-6.747108'),
(3297, 42, 'Nerva', 'nerva', 21670, '37.695435', '-6.550770'),
(3298, 42, 'Niebla', 'niebla', 21840, '37.360300', '-6.679473'),
(3299, 42, 'Palma del Condado', 'palma-del-condado', 21700, '37.388368', '-6.553173'),
(3300, 42, 'Palos de la Frontera', 'palos-de-la-frontera', 21810, '37.228449', '-6.892633'),
(3301, 42, 'Paterna del Campo', 'paterna-del-campo', 21880, '37.421844', '-6.401596'),
(3302, 42, 'Paymogo', 'paymogo', 21560, '37.741264', '-7.345390'),
(3303, 42, 'Puebla de Guzmán', 'puebla-de-guzman', 21550, '37.610900', '-7.245998'),
(3304, 42, 'Puerto Moral', 'puerto-moral', 21209, '37.892399', '-6.478629'),
(3305, 42, 'Punta Umbría', 'punta-umbria', 21100, '37.183228', '-6.966791'),
(3306, 42, 'Rociana del Condado', 'rociana-del-condado', 21720, '37.308161', '-6.598535'),
(3307, 42, 'Rosal de la Frontera', 'rosal-de-la-frontera', 21250, '37.968425', '-7.220163'),
(3308, 42, 'San Bartoloméde la Torre', 'san-bartolomede-la-torre', 21510, '37.446278', '-7.107725'),
(3309, 42, 'San Juan del Puerto', 'san-juan-del-puerto', 21610, '37.314236', '-6.839762'),
(3310, 42, 'San Silvestre de Guzmán', 'san-silvestre-de-guzman', 21591, '37.387652', '-7.349768'),
(3311, 42, 'Sanlúcar de Guadiana', 'sanlucar-de-guadiana', 21595, '37.473223', '-7.465553'),
(3312, 42, 'Santa Ana la Real', 'santa-ana-la-real', 21359, '37.864555', '-6.724920'),
(3313, 42, 'Santa Bárbara de Casa', 'santa-barbara-de-casa', 21570, '37.796322', '-7.188020'),
(3314, 42, 'Santa Olalla del Cala', 'santa-olalla-del-cala', 21260, '37.906893', '-6.229291'),
(3315, 42, 'Trigueros', 'trigueros', 21620, '37.383457', '-6.834354'),
(3316, 42, 'Valdelarco', 'valdelarco', 21291, '37.951101', '-6.683550'),
(3317, 42, 'Valverde del Camino', 'valverde-del-camino', 21600, '37.572202', '-6.752644'),
(3318, 42, 'Villablanca', 'villablanca', 21590, '37.304372', '-7.342386'),
(3319, 42, 'Villalba del Alcor', 'villalba-del-alcor', 21860, '37.398085', '-6.476955'),
(3320, 42, 'Villanueva de las Cruces', 'villanueva-de-las-cruces', 21592, '37.626605', '-7.024469'),
(3321, 42, 'Villanueva de los Castillejos', 'villanueva-de-los-castillejos', 21540, '37.500942', '-7.275095'),
(3322, 42, 'Villarrasa', 'villarrasa', 21850, '37.389254', '-6.607547'),
(3323, 42, 'Zalamea la Real', 'zalamea-la-real', 21640, '37.678420', '-6.660719'),
(3324, 42, 'Zufre', 'zufre', 21210, '37.834124', '-6.338339'),
(3529, 50, 'Albanchez de Mágina', 'albanchez-de-magina', 23538, '37.791541', '-3.466358'),
(3530, 50, 'Alcalá la Real', 'alcala-la-real', 23680, '37.462528', '-3.923321'),
(3531, 50, 'Alcaudete', 'alcaudete', 23660, '37.589130', '-4.078550'),
(3532, 50, 'Aldeaquemada', 'aldeaquemada', 23215, '38.411991', '-3.370640'),
(3533, 50, 'Andújar', 'andujar', 23740, '38.038689', '-4.057520'),
(3534, 50, 'Arjona', 'arjona', 23760, '37.937592', '-4.060900'),
(3535, 50, 'Arjonilla', 'arjonilla', 23750, '37.974491', '-4.102770'),
(3536, 50, 'Arquillos', 'arquillos', 23230, '38.182629', '-3.430190'),
(3537, 50, 'Arroyo del Ojanco', 'arroyo-del-ojanco', 23340, '38.321510', '-2.893460'),
(3538, 50, 'Baeza', 'baeza', 23440, '37.993141', '-3.468340'),
(3539, 50, 'Bailén', 'bailen', 23710, '38.096531', '-3.771050'),
(3540, 50, 'Baños de la Encina', 'banos-de-la-encina', 23711, '38.172329', '-3.771160'),
(3541, 50, 'Beas de Segura', 'beas-de-segura', 23280, '38.254410', '-2.895790'),
(3542, 50, 'Bedmar y Garcíez', 'bedmar-y-garciez', 23537, '37.824089', '-3.414620'),
(3543, 50, 'Begíjar', 'begijar', 23520, '37.984360', '-3.535980'),
(3544, 50, 'Bélmez de la Moraleda', 'belmez-de-la-moraleda', 23568, '37.723003', '-3.381901'),
(3545, 50, 'Benatae', 'benatae', 23390, '38.353741', '-2.651770'),
(3546, 50, 'Cabra del Santo Cristo', 'cabra-del-santo-cristo', 23550, '37.705486', '-3.285958'),
(3547, 50, 'Cambil', 'cambil', 23120, '37.678080', '-3.565214'),
(3548, 50, 'Campillo de Arenas', 'campillo-de-arenas', 23130, '37.558663', '-3.642311'),
(3549, 50, 'Canena', 'canena', 23420, '38.051268', '-3.488009'),
(3550, 50, 'Carboneros', 'carboneros', 23211, '38.228741', '-3.630939'),
(3551, 50, 'Cárcheles', 'carcheles', 23192, '37.636308', '-3.631926'),
(3552, 50, 'Carolina', 'carolina', 23200, '38.276378', '-3.616991'),
(3553, 50, 'El Castellar', 'elcastellar', 23260, '38.255268', '-3.131447'),
(3554, 50, 'Castillo de Locubín', 'castillo-de-locubin', 23670, '37.529995', '-3.944650'),
(3555, 50, 'Cazalilla', 'cazalilla', 23628, '37.985204', '-3.881800'),
(3556, 50, 'Cazorla', 'cazorla', 23470, '37.909297', '-2.994461'),
(3557, 50, 'Chiclana de Segura', 'chiclana-de-segura', 23264, '38.314673', '-3.038900'),
(3558, 50, 'Chilluévar', 'chilluevar', 23477, '38.000145', '-3.030714'),
(3559, 50, 'Escañuela', 'escanuela', 23657, '37.877538', '-4.033495'),
(3560, 50, 'Espelúy', 'espeluy', 23628, '38.030600', '-3.862445'),
(3561, 50, 'Frailes', 'frailes', 23690, '37.486139', '-3.839743'),
(3562, 50, 'Fuensanta de Martos', 'fuensanta-de-martos', 23610, '37.647335', '-3.906755'),
(3563, 50, 'Fuerte del Rey', 'fuerte-del-rey', 23180, '37.875209', '-3.884332'),
(3564, 50, 'Génave', 'genave', 23392, '38.430396', '-2.735724'),
(3565, 50, 'Guardia de Jaén', 'guardia-de-jaen', 23170, '37.744521', '-3.694668'),
(3566, 50, 'Guarromán', 'guarroman', 23210, '38.117778', '-3.835001'),
(3567, 50, 'Higuera de Calatrava', 'higuera-de-calatrava', 23611, '37.796924', '-4.155825'),
(3568, 50, 'Hinojares', 'hinojares', 23486, '37.716112', '-3.000662'),
(3569, 50, 'Hornos', 'hornos', 23292, '38.215458', '-2.720189'),
(3570, 50, 'Huelma', 'huelma', 23560, '37.644753', '-3.452775'),
(3571, 50, 'Huesa', 'huesa', 23487, '37.756330', '-3.076344'),
(3572, 50, 'Ibros', 'ibros', 23450, '38.023940', '-3.504682'),
(3573, 50, 'Iruela', 'iruela', 23476, '37.923821', '-2.989311'),
(3574, 50, 'Iznatoraf', 'iznatoraf', 23338, '38.152884', '-3.019094'),
(3575, 50, 'Jabalquinto', 'jabalquinto', 23712, '38.020035', '-3.724301'),
(3576, 50, 'Jaén', 'jaen', 23004, '37.766288', '-3.789725'),
(3577, 50, 'Jamilena', 'jamilena', 23658, '37.746778', '-3.912785'),
(3578, 50, 'Jimena', 'jimena', 23530, '37.841631', '-3.478181'),
(3579, 50, 'Jódar', 'jodar', 23500, '37.842766', '-3.350229'),
(3580, 50, 'Lahiguera', 'lahiguera', 23746, '37.969559', '-3.987458'),
(3581, 50, 'Larva', 'larva', 23591, '37.760232', '-3.199382'),
(3582, 50, 'Linares', 'linares', 39580, '43.256237', '-4.579818'),
(3583, 50, 'Lopera', 'lopera', 23780, '37.944908', '-4.214780'),
(3584, 50, 'Lupión', 'lupion', 23528, '37.998919', '-3.550708'),
(3585, 50, 'Mancha Real', 'mancha-real', 23100, '37.787878', '-3.612421'),
(3586, 50, 'Marmolejo', 'marmolejo', 23770, '38.045354', '-4.171393'),
(3587, 50, 'Martos', 'martos', 23600, '37.721527', '-3.968296'),
(3588, 50, 'Mengíbar', 'mengibar', 23620, '37.967580', '-3.809681'),
(3589, 50, 'Montizón', 'montizon', 23266, '38.344871', '-3.103895'),
(3590, 50, 'Navas de San Juan', 'navas-de-san-juan', 23240, '38.186792', '-3.315167'),
(3591, 50, 'Noalejo', 'noalejo', 23140, '37.527086', '-3.666086'),
(3592, 50, 'Orcera', 'orcera', 23370, '38.317687', '-2.667789'),
(3593, 50, 'Peal de Becerro', 'peal-de-becerro', 23460, '37.913800', '-3.121104'),
(3594, 50, 'Pegalajar', 'pegalajar', 23110, '37.737089', '-3.650755'),
(3595, 50, 'Porcuna', 'porcuna', 23790, '37.868739', '-4.186671'),
(3596, 50, 'Pozo Alcón', 'pozo-alcon', 23485, '37.706402', '-2.936611'),
(3597, 50, 'Puente de Génave', 'puente-de-genave', 23350, '38.352999', '-2.806084'),
(3598, 50, 'Puerta de Segura', 'puerta-de-segura', 23360, '38.350256', '-2.740102'),
(3599, 50, 'Quesada', 'quesada', 23480, '37.845105', '-3.068275'),
(3600, 50, 'Rus', 'rus', 23430, '38.050592', '-3.461273'),
(3601, 50, 'Sabiote', 'sabiote', 23410, '38.070443', '-3.304954'),
(3602, 50, 'Santa Elena', 'santa-elena', 23213, '38.341202', '-3.536139'),
(3603, 50, 'Santiago de Calatrava', 'santiago-de-calatrava', 23612, '37.752801', '-4.171050'),
(3604, 50, 'Santiago-Pontones', 'santiago-pontones', 23290, '38.099991', '-2.549493'),
(3605, 50, 'Santisteban del Puerto', 'santisteban-del-puerto', 23250, '38.247786', '-3.206205'),
(3606, 50, 'Santo Tomé', 'santo-tome', 23311, '38.028504', '-3.096385'),
(3607, 50, 'Segura de la Sierra', 'segura-de-la-sierra', 23379, '38.298054', '-2.653756'),
(3608, 50, 'Siles', 'siles', 23380, '38.387452', '-2.581058'),
(3609, 50, 'Sorihuela del Guadalimar', 'sorihuela-del-guadalimar', 23270, '38.239663', '-3.056345'),
(3610, 50, 'Torre del Campo', 'torre-del-campo', 23640, '37.777058', '-3.895984'),
(3611, 50, 'Torreblascopedro', 'torreblascopedro', 23510, '37.993440', '-3.639543'),
(3612, 50, 'Torredonjimeno', 'torredonjimeno', 23650, '37.802731', '-4.091549'),
(3613, 50, 'Torreperogil', 'torreperogil', 23320, '38.029738', '-3.279290'),
(3614, 50, 'Torres', 'torres', 23540, '37.787047', '-3.511569'),
(3615, 50, 'Torres de Albánchez', 'torres-de-albanchez', 23391, '38.415695', '-2.676576'),
(3616, 50, 'Ášbeda', 'ubeda', 23400, '38.011162', '-3.371380'),
(3617, 50, 'Valdepeñas de Jaén', 'valdepenas-de-jaen', 23150, '37.588867', '-3.815818'),
(3618, 50, 'Vilches', 'vilches', 23220, '38.211276', '-3.501463'),
(3619, 50, 'Villacarrillo', 'villacarrillo', 23300, '38.111599', '-3.087587'),
(3620, 50, 'Villanueva de la Reina', 'villanueva-de-la-reina', 23730, '38.017669', '-3.919201'),
(3621, 50, 'Villanueva del Arzobispo', 'villanueva-del-arzobispo', 23330, '38.171088', '-3.009181'),
(3622, 50, 'Villardompardo', 'villardompardo', 23659, '37.839564', '-4.000922'),
(3623, 50, 'Villares', 'villares', 23160, '37.689509', '-3.819616'),
(3624, 50, 'Villarrodrigo', 'villarrodrigo', 23393, '38.488347', '-2.640989'),
(3625, 50, 'Villatorres', 'villatorres', 23630, '37.931184', '-3.692372'),
(4494, 19, 'Alameda', 'alameda', 29530, '37.208511', '-4.660980'),
(4495, 19, 'Alcaucín', 'alcaucin', 29711, '36.902672', '-4.114760'),
(4496, 19, 'Alfarnate', 'alfarnate', 29194, '36.994469', '-4.260400'),
(4497, 19, 'Alfarnatejo', 'alfarnatejo', 29194, '36.979301', '-4.272970'),
(4498, 19, 'Algarrobo', 'algarrobo', 29750, '36.771740', '-4.038920'),
(4499, 19, 'Algatocín', 'algatocin', 29491, '36.574791', '-5.275740'),
(4500, 19, 'Alhaurín de la Torre', 'alhaurin-de-la-torre', 29130, '36.661861', '-4.566720'),
(4501, 19, 'Alhaurín el Grande', 'alhaurin-el-grande', 29120, '36.642078', '-4.691130'),
(4502, 19, 'Almáchar', 'almachar', 29718, '36.808731', '-4.217630'),
(4503, 19, 'Almargen', 'almargen', 29330, '37.000179', '-5.022810'),
(4504, 19, 'Almogía', 'almogia', 29150, '36.828091', '-4.540450'),
(4505, 19, 'Álora', 'alora', 29500, '36.828732', '-4.704260'),
(4506, 19, 'Alozaina', 'alozaina', 29567, '36.728821', '-4.864290'),
(4507, 19, 'Alpandeire', 'alpandeire', 29460, '36.634590', '-5.202260'),
(4508, 19, 'Antequera', 'antequera', 29200, '37.020302', '-4.563610'),
(4509, 19, 'Árchez', 'archez', 29753, '36.838100', '-3.989810'),
(4510, 19, 'Archidona', 'archidona', 29300, '37.094688', '-4.388180'),
(4511, 19, 'Ardales', 'ardales', 29550, '36.880981', '-4.845320'),
(4512, 19, 'Arenas', 'arenas', 29753, '36.816212', '-4.045950'),
(4513, 19, 'Arriate', 'arriate', 29350, '36.799217', '-5.140314'),
(4514, 19, 'Atajate', 'atajate', 29494, '36.641380', '-5.244110'),
(4515, 19, 'Benadalid', 'benadalid', 29493, '36.607521', '-5.269760'),
(4516, 19, 'Benahavís', 'benahavis', 29679, '36.523891', '-5.046270'),
(4517, 19, 'Benalauría', 'benalauria', 29491, '36.595039', '-5.261080'),
(4518, 19, 'Benalmádena', 'benalmadena', 29639, '36.595169', '-4.573450'),
(4519, 19, 'Benamargosa', 'benamargosa', 29718, '36.833740', '-4.194100'),
(4520, 19, 'Benamocarra', 'benamocarra', 29719, '36.791470', '-4.162360'),
(4521, 19, 'Benaoján', 'benaojan', 29370, '36.718960', '-5.254350'),
(4522, 19, 'Benarrabá', 'benarraba', 29490, '36.550152', '-5.275880'),
(4523, 19, 'Borge', 'borge', 29718, '36.814590', '-4.232830'),
(4524, 19, 'Burgo', 'burgo', 29420, '36.789629', '-4.947624'),
(4525, 19, 'Campillos', 'campillos', 29320, '37.053108', '-4.863460'),
(4526, 19, 'Canillas de Aceituno', 'canillas-de-aceituno', 29716, '36.874889', '-4.084800'),
(4527, 19, 'Canillas de Albaida', 'canillas-de-albaida', 29755, '36.845299', '-3.985420'),
(4528, 19, 'Cañete la Real', 'canete-la-real', 29340, '36.951481', '-5.024730'),
(4529, 19, 'Carratraca', 'carratraca', 29551, '36.851440', '-4.818390'),
(4530, 19, 'Cartajima', 'cartajima', 29452, '36.646141', '-5.153140'),
(4531, 19, 'Cártama', 'cartama', 29570, '36.712200', '-4.631730'),
(4532, 19, 'Casabermeja', 'casabermeja', 29160, '36.894020', '-4.429110'),
(4533, 19, 'Casarabonela', 'casarabonela', 29566, '36.787571', '-4.840660'),
(4534, 19, 'Casares', 'casares', 29690, '36.447231', '-5.273000'),
(4535, 19, 'Coín', 'coin', 29100, '36.659740', '-4.757680'),
(4536, 19, 'Colmenar', 'colmenar', 29170, '36.906528', '-4.335730'),
(4537, 19, 'Comares', 'comares', 29195, '36.848492', '-4.247360'),
(4538, 19, 'Cómpeta', 'competa', 29754, '36.833058', '-3.974648'),
(4539, 19, 'Cortes de la Frontera', 'cortes-de-la-frontera', 29380, '36.619530', '-5.341380'),
(4540, 19, 'Cuevas Bajas', 'cuevas-bajas', 29220, '37.235790', '-4.489460'),
(4541, 19, 'Cuevas de San Marcos', 'cuevas-de-san-marcos', 29210, '37.266960', '-4.417430'),
(4542, 19, 'Cuevas del Becerro', 'cuevas-del-becerro', 29470, '36.876339', '-5.044740'),
(4543, 19, 'Cútar', 'cutar', 29718, '36.830952', '-4.230290'),
(4544, 19, 'Estepona', 'estepona', 29680, '36.427582', '-5.145210'),
(4545, 19, 'Faraján', 'farajan', 29461, '36.617298', '-5.187510'),
(4546, 19, 'Frigiliana', 'frigiliana', 29788, '36.791088', '-3.895110'),
(4547, 19, 'Fuengirola', 'fuengirola', 29640, '36.541489', '-4.623980'),
(4548, 19, 'Fuente de Piedra', 'fuente-de-piedra', 29520, '37.134270', '-4.730440'),
(4549, 19, 'Gaucín', 'gaucin', 29480, '36.519932', '-5.324860'),
(4550, 19, 'Genalguacil', 'genalguacil', 29492, '36.546871', '-5.235880'),
(4551, 19, 'Guaro', 'guaro', 29108, '36.659409', '-4.836310'),
(4552, 19, 'Humilladero', 'humilladero', 29531, '37.114792', '-4.700130'),
(4553, 19, 'Igualeja', 'igualeja', 29440, '36.630730', '-5.121310'),
(4554, 19, 'Istán', 'istan', 29611, '36.580379', '-4.947850'),
(4555, 19, 'Iznate', 'iznate', 29792, '36.776299', '-4.184210'),
(4556, 19, 'Jimera de Líbar', 'jimera-de-libar', 29392, '36.649792', '-5.275230'),
(4557, 19, 'Jubrique', 'jubrique', 29492, '36.564041', '-5.216060'),
(4558, 19, 'Júzcar', 'juzcar', 29462, '36.625229', '-5.169580'),
(4559, 19, 'Macharaviaya', 'macharaviaya', 29791, '36.762131', '-4.216020'),
(4560, 19, 'Málaga', 'malaga', 29001, '36.718319', '-4.420160'),
(4561, 19, 'Manilva', 'manilva', 29691, '36.378250', '-5.251320'),
(4562, 19, 'Marbella', 'marbella', 29601, '36.507992', '-4.883300'),
(4563, 19, 'Mijas', 'mijas', 29650, '36.597729', '-4.636410'),
(4564, 19, 'Moclinejo', 'moclinejo', 29738, '36.771069', '-4.256290'),
(4565, 19, 'Mollina', 'mollina', 29532, '37.124649', '-4.661370'),
(4566, 19, 'Monda', 'monda', 29110, '36.631672', '-4.828000'),
(4567, 19, 'Montejaque', 'montejaque', 29360, '36.738930', '-5.248890'),
(4568, 19, 'Nerja', 'nerja', 29780, '36.751911', '-3.876210'),
(4569, 19, 'Ojén', 'ojen', 29610, '36.565529', '-4.852810'),
(4570, 19, 'Parauta', 'parauta', 29451, '36.655689', '-5.129280'),
(4571, 19, 'Periana', 'periana', 29710, '36.930309', '-4.191100'),
(4572, 19, 'Pizarra', 'pizarra', 29560, '36.767148', '-4.707470'),
(4573, 19, 'Pujerra', 'pujerra', 29450, '36.612728', '-5.147170'),
(4574, 19, 'Rincón de la Victoria', 'rincon-de-la-victoria', 29730, '36.714642', '-4.280760'),
(4575, 19, 'Riogordo', 'riogordo', 29180, '36.914761', '-4.292130'),
(4576, 19, 'Ronda', 'ronda', 29400, '36.741791', '-5.166280'),
(4577, 19, 'Salares', 'salares', 29714, '36.852970', '-4.026100'),
(4578, 19, 'Sayalonga', 'sayalonga', 29752, '36.797691', '-4.011300'),
(4579, 19, 'Sedella', 'sedella', 29715, '36.862640', '-4.035000'),
(4580, 19, 'Sierra de Yeguas', 'sierra-de-yeguas', 29328, '37.124512', '-4.868580'),
(4581, 19, 'Teba', 'teba', 29327, '36.983608', '-4.920250'),
(4582, 19, 'Tolox', 'tolox', 29109, '36.688000', '-4.899880'),
(4583, 19, 'Torremolinos', 'torremolinos', 29620, '36.624409', '-4.499850'),
(4584, 19, 'Torrox', 'torrox', 29770, '36.758991', '-3.953700'),
(4585, 19, 'Totalán', 'totalan', 29197, '36.765831', '-4.297660'),
(4586, 19, 'Valle de Abdalajís', 'valle-de-abdalajis', 29240, '36.934719', '-4.682180'),
(4587, 19, 'Vélez-Málaga', 'velez-malaga', 29700, '36.778301', '-4.100430'),
(4588, 19, 'Villanueva de Algaidas', 'villanueva-de-algaidas', 29310, '37.183998', '-4.449730'),
(4589, 19, 'Villanueva de Tapia', 'villanueva-de-tapia', 29315, '37.182098', '-4.336090'),
(4590, 19, 'Villanueva del Rosario', 'villanueva-del-rosario', 29312, '36.998470', '-4.367640'),
(4591, 19, 'Villanueva del Trabuco', 'villanueva-del-trabuco', 29313, '37.029190', '-4.336430'),
(4592, 19, 'Viñuela', 'vinuela', 29712, '36.862935', '-4.141159'),
(4593, 19, 'Yunquera', 'yunquera', 29410, '36.735592', '-4.917550'),
(6106, 12, 'Aguadulce', 'aguadulce', 41550, '37.252965', '-4.990914'),
(6107, 12, 'Alanís', 'alanis', 41380, '38.037400', '-5.712824'),
(6108, 12, 'Albaida del Aljarafe', 'albaida-del-aljarafe', 41809, '37.426820', '-6.165390'),
(6109, 12, 'Alcalá de Guadaíra', 'alcala-de-guadaira', 41500, '37.338315', '-5.839859'),
(6110, 12, 'Alcalá del Río', 'alcala-del-rio', 41200, '37.521988', '-5.983386'),
(6111, 12, 'Alcolea del Río', 'alcolea-del-rio', 41449, '37.616410', '-5.663789'),
(6112, 12, 'Algaba', 'algaba', 41980, '37.460709', '-6.015390'),
(6113, 12, 'Algámitas', 'algamitas', 41661, '37.019745', '-5.144666'),
(6114, 12, 'Almadén de la Plata', 'almaden-de-la-plata', 41240, '37.872733', '-6.082055'),
(6115, 12, 'Almensilla', 'almensilla', 41111, '37.309470', '-6.109934'),
(6116, 12, 'Arahal', 'arahal', 41600, '37.260118', '-5.543976'),
(6117, 12, 'Aznalcázar', 'aznalcazar', 41849, '37.303770', '-6.251084'),
(6118, 12, 'Aznalcóllar', 'aznalcollar', 41870, '37.520415', '-6.274634'),
(6119, 12, 'Badolatosa', 'badolatosa', 41570, '37.308557', '-4.672794'),
(6120, 12, 'Benacazón', 'benacazon', 41805, '37.353563', '-6.201393'),
(6121, 12, 'Bollullos de la Mitación', 'bollullos-de-la-mitacion', 41110, '37.335530', '-6.137314'),
(6122, 12, 'Bormujos', 'bormujos', 41930, '37.372610', '-6.071129'),
(6123, 12, 'Brenes', 'brenes', 41310, '37.550700', '-5.869739'),
(6124, 12, 'Burguillos', 'burguillos', 41220, '37.588225', '-5.971354'),
(6125, 12, 'Cabezas de San Juan', 'cabezas-de-san-juan', 41730, '36.981795', '-5.936549'),
(6126, 12, 'Camas', 'camas', 41900, '37.400725', '-6.034449'),
(6127, 12, 'Campana', 'campana', 41429, '37.560908', '-5.415573'),
(6128, 12, 'Cantillana', 'cantillana', 41320, '37.609819', '-5.824295'),
(6129, 12, 'Cañada Rosal', 'canada-rosal', 41439, '37.596170', '-5.211139'),
(6130, 12, 'Carmona', 'carmona', 41410, '37.470870', '-5.643379'),
(6131, 12, 'Carrión de los Céspedes', 'carrion-de-los-cespedes', 41820, '37.369136', '-6.329457'),
(6132, 12, 'Casariche', 'casariche', 41580, '37.296087', '-4.764340'),
(6133, 12, 'Castilblanco de los Arroyos', 'castilblanco-de-los-arroyos', 41230, '37.678675', '-5.985484'),
(6134, 12, 'Castilleja de Guzmán', 'castilleja-de-guzman', 41908, '37.408315', '-6.060190'),
(6135, 12, 'Castilleja de la Cuesta', 'castilleja-de-la-cuesta', 41950, '37.385495', '-6.056689'),
(6136, 12, 'Castilleja del Campo', 'castilleja-del-campo', 41810, '37.388720', '-6.335124');
INSERT INTO `poblacion` (`idpoblacion`, `idprovincia`, `poblacion`, `poblacionseo`, `postal`, `latitud`, `longitud`) VALUES
(6137, 12, 'Castillo de las Guardas', 'castillo-de-las-guardas', 41890, '37.694402', '-6.313792'),
(6138, 12, 'Cazalla de la Sierra', 'cazalla-de-la-sierra', 41370, '37.932130', '-5.760564'),
(6139, 12, 'Constantina', 'constantina', 41450, '37.871213', '-5.619756'),
(6140, 12, 'Coria del Río', 'coria-del-rio', 41100, '37.287315', '-6.050974'),
(6141, 12, 'Coripe', 'coripe', 41780, '36.977547', '-5.439474'),
(6142, 12, 'Coronil', 'coronil', 41760, '37.081750', '-5.632553'),
(6143, 12, 'Corrales', 'corrales', 41657, '37.097223', '-4.982643'),
(6144, 12, 'Cuervo', 'cuervo', 41749, '36.851673', '-6.041107'),
(6145, 12, 'Dos Hermanas', 'dos-hermanas', 41701, '37.282905', '-5.928134'),
(6146, 12, 'Á‰cija', 'ecija', 41400, '37.540766', '-5.072937'),
(6147, 12, 'Espartinas', 'espartinas', 41807, '37.382894', '-6.123582'),
(6148, 12, 'Estepa', 'estepa', 41560, '37.293875', '-4.878074'),
(6149, 12, 'Fuentes de Andalucía', 'fuentes-de-andalucia', 41420, '37.463545', '-5.343069'),
(6150, 12, 'Garrobo', 'garrobo', 41888, '37.625245', '-6.172256'),
(6151, 12, 'Gelves', 'gelves', 41120, '37.338690', '-6.027394'),
(6152, 12, 'Gerena', 'gerena', 41860, '37.527444', '-6.157316'),
(6153, 12, 'Gilena', 'gilena', 41565, '37.251290', '-4.913774'),
(6154, 12, 'Gines', 'gines', 41960, '37.384525', '-6.073999'),
(6155, 12, 'Guadalcanal', 'guadalcanal', 41390, '38.096982', '-5.818990'),
(6156, 12, 'Guillena', 'guillena', 41210, '37.547760', '-6.055304'),
(6157, 12, 'Herrera', 'herrera-sevilla', 41567, '37.362714', '-4.850679'),
(6158, 12, 'Huévar del Aljarafe', 'huevar-del-aljarafe', 41830, '37.355779', '-6.278807'),
(6159, 12, 'Isla Mayor', 'isla-mayor', 41140, '37.133485', '-6.162989'),
(6160, 12, 'Lantejuela', 'lantejuela', 41630, '37.353170', '-5.223827'),
(6161, 12, 'Lebrija', 'lebrija', 41740, '36.920592', '-6.065870'),
(6162, 12, 'Lora de Estepa', 'lora-de-estepa', 41564, '37.271714', '-4.826155'),
(6163, 12, 'Lora del Río', 'lora-del-rio', 41440, '37.659830', '-5.528184'),
(6164, 12, 'Luisiana', 'luisiana', 41430, '37.550974', '-5.230522'),
(6165, 12, 'Madroño', 'madrono', 41897, '37.643461', '-6.511116'),
(6166, 12, 'Mairena del Alcor', 'mairena-del-alcor', 41510, '37.377119', '-5.743914'),
(6167, 12, 'Mairena del Aljarafe', 'mairena-del-aljarafe', 41927, '37.347360', '-6.062619'),
(6168, 12, 'Marchena', 'marchena', 41620, '37.325247', '-5.412837'),
(6169, 12, 'Marinaleda', 'marinaleda', 41569, '37.371590', '-4.959764'),
(6170, 12, 'Martín de la Jara', 'martin-de-la-jara', 41658, '37.109500', '-4.961929'),
(6171, 12, 'Molares', 'molares', 41750, '37.155186', '-5.719242'),
(6172, 12, 'Montellano', 'montellano', 41770, '36.994485', '-5.573049'),
(6173, 12, 'Morón de la Frontera', 'moron-de-la-frontera', 41530, '37.129423', '-5.452823'),
(6174, 12, 'Navas de la Concepción', 'navas-de-la-concepcion', 41460, '37.932822', '-5.464498'),
(6175, 12, 'Olivares', 'olivares', 41804, '37.418406', '-6.153439'),
(6176, 12, 'Osuna', 'osuna', 41640, '37.237125', '-5.102814'),
(6177, 12, 'Palacios y Villafranca', 'palacios-y-villafranca', 41720, '37.163095', '-5.924179'),
(6178, 12, 'Palomares del Río', 'palomares-del-rio', 41928, '37.321875', '-6.059334'),
(6179, 12, 'Paradas', 'paradas', 41610, '37.290563', '-5.496283'),
(6180, 12, 'Pedrera', 'pedrera', 41566, '37.223665', '-4.898964'),
(6181, 12, 'Pedroso', 'pedroso', 41360, '37.837860', '-5.765060'),
(6182, 12, 'Peñaflor', 'penaflor', 41470, '37.710129', '-5.347109'),
(6183, 12, 'Pilas', 'pilas', 41840, '37.305390', '-6.304309'),
(6184, 12, 'Pruna', 'pruna', 41670, '36.974760', '-5.223474'),
(6185, 12, 'Puebla de Cazalla', 'puebla-de-cazalla', 41540, '37.222988', '-5.313220'),
(6186, 12, 'Puebla de los Infantes', 'puebla-de-los-infantes', 41479, '37.780350', '-5.388959'),
(6187, 12, 'Puebla del Río', 'puebla-del-rio', 41130, '37.268040', '-6.065110'),
(6188, 12, 'Real de la Jara', 'real-de-la-jara', 41250, '37.949415', '-6.152984'),
(6189, 12, 'Rinconada', 'rinconada', 41309, '37.488072', '-5.981369'),
(6190, 12, 'Roda de Andalucía', 'roda-de-andalucia', 41590, '37.201102', '-4.778943'),
(6191, 12, 'Ronquillo', 'ronquillo', 41880, '37.727470', '-6.176580'),
(6192, 12, 'Rubio', 'rubio', 41568, '37.355354', '-4.988995'),
(6193, 12, 'Salteras', 'salteras', 41909, '37.418000', '-6.107169'),
(6194, 12, 'San Juan de Aznalfarache', 'san-juan-de-aznalfarache', 41920, '37.359915', '-6.027769'),
(6195, 12, 'San Nicolás del Puerto', 'san-nicolas-del-puerto', 41388, '37.993349', '-5.652870'),
(6196, 12, 'Sanlúcar la Mayor', 'sanlucar-la-mayor', 41800, '37.385535', '-6.195634'),
(6197, 12, 'Santiponce', 'santiponce', 41970, '37.434840', '-6.038584'),
(6198, 12, 'Saucejo', 'saucejo', 41650, '37.069511', '-5.096980'),
(6199, 12, 'Sevilla', 'sevilla', 41001, '37.387697', '-6.001813'),
(6200, 12, 'Tocina', 'tocina', 41340, '37.609838', '-5.737182'),
(6201, 12, 'Tomares', 'tomares', 41940, '37.375850', '-6.051184'),
(6202, 12, 'Umbrete', 'umbrete', 41806, '37.369628', '-6.156210'),
(6203, 12, 'Utrera', 'utrera', 41710, '37.184225', '-5.779174'),
(6204, 12, 'Valencina de la Concepción', 'valencina-de-la-concepcion', 41907, '37.417045', '-6.077615'),
(6205, 12, 'Villamanrique de la Condesa', 'villamanrique-de-la-condesa', 41850, '37.246327', '-6.306533'),
(6206, 12, 'Villanueva de San Juan', 'villanueva-de-san-juan', 41660, '37.051758', '-5.176092'),
(6207, 12, 'Villanueva del Ariscal', 'villanueva-del-ariscal', 41808, '37.395151', '-6.143721'),
(6208, 12, 'Villanueva del Río y Minas', 'villanueva-del-rio-y-minas', 41350, '37.651960', '-5.718354'),
(6209, 12, 'Villaverde del Río', 'villaverde-del-rio', 41318, '37.594055', '-5.879624'),
(6210, 12, 'Viso del Alcor', 'viso-del-alcor', 41520, '37.387211', '-5.722470'),
(8175, 13, 'Las Tres Villas', 'las-tres-villas', 04530, '37.157748', '-2.715879'),
(8176, 30, 'Las Gabias', 'las-gabias', 18110, '37.136389', '-3.669167'),
(8177, 42, 'Tharsis', 'tharsis', 21530, '37.599722', '-7.121111'),
(8178, 50, 'Úbeda', 'ubeda', 23400, '38.011667', '-3.371667'),
(8179, 19, 'El Palo', 'el-palo', 29197, '36.718319', '-4.420160'),
(8180, 19, 'San Pedro de Alcántara', 'san-pedro-de-alcantara', 29670, '36.476389', '-4.980278'),
(8181, 12, 'Écija', 'ecija', 41400, '37.541111', '-5.079167');


INSERT INTO usuario (idusuario, nombre, apellidos, fecha_nac, password, email, telefono) VALUES
(1, 'Administrador', 'Ruralnow', '1989-12-02', 'administrador', 'admin@ruralnow.com', '000000000'),
(2, 'Javier', 'Molina Maqueda', '1995-02-28', 'javiermolina', 'm.maqueda.javier@accenture.com', '000000000'),
(3, 'Sara', 'Pedrosa Ruiz', '1996-05-22', 'sarapedrosa', 'sara.pedros.ruiz@accenture.com', '000000000'),
(4, 'José Marcos', 'Gómez Hidalgo', '1998-09-18', 'marcosgomez', 'jose.m.gomez.hidalgo@accenture.com', '616131105');



INSERT INTO casa (idcasa, nombre, idpoblacion, descripcion, personas, habitaciones, camas, aseos, precio_noche, idusuario, imagen) VALUES
(1, 'Casa Rural Torcalillos', 4508, 'En la ciudad de Antequera, al norte de la provincia de Málaga, podemos encontrar este alojamiento que forma parte del conjunto de viviendas que dan lugar al complejo rural Ruta del Sol.', 2, 1, 1, 1, 100, 3, 'torcalillos.jpg'),
(2, 'Casa Rural El Encinar', 4508, 'Situado en la preciosa ciudad de Antequera, este alojamiento cuenta con un sola planta y diferentes estancias para alojar un total de 4 personas. Rodeada de unas vistas inmejorables.', 4, 2, 3, 2, 140, 3, 'encinar.jpg'),
(3, 'Finca El Cerrillo', 4531, 'En la localidad de Cártama, muy cerquita de la capital de provincia, Málaga, se encuentra esta tranquila casa rural, alejada de todo ruido, donde podrás descansar en un entorno que te brindará paz.', 14, 4, 10, 1, 180, 2, 'cerrillo.jpg'),
(4, 'Villa Adriana', 4500, 'Se trata de un alojamiento lleno de encanto, en el que podrás sentirte como en casa y donde vas a poder disfrutar de las mejores vistas de las zonas verdes que nos rodean.', 8, 4, 6, 2, 160, 2, 'villaadriana.jfif'),
(5, 'Casa Los Rosales', 4572, 'Pertenece a la finca de La Moraleda junto a otras 4 casas. Perfecta para grupos que quieren intimidad.', 5, 2, 4, 1, 100, 2, 'rosales.jpg'),
(6, 'Cortijo Fuente Marchal', 4567, 'Nuestro alojamiento es una cortijo de gran antigüedad que ha sido restaurado con la intención de acceder al turismo rural sin perder un ápice de su historia.', 34, 17, 25, 9, 1000, 4, 'fuentemarchal.jpg'),
(7, 'El Nogal', 4576, 'Majestuosa casa rural ubicada en Ronda. Una única planta con muchas zonas exteriores, perfecta para tener a mano toda la diversión.', 160, 4, 12, 8, 300, 2, 'nogal.jpg'),
(8, 'Casa Rural Crisal', 4513, 'Casa Rural Crisal se encuentra en la Serranía de Ronda, con capacidad para 12 personas y todos los servicios que pueda desear: piscina, barbacoa, zona infantil...', 12, 4, 10, 2, 220, 4, 'crisal.jpg'),
(9, 'Casa Rural La Carrihuela', 1787, 'Conjunto de casas que comparten un espectacular patio interior, perfecto para barbacoas y comidas en familia. La decoración de la casa os hará viajar a otro tiempo, sintiendo la Andalucía más rural.', 10, 3, 6, 3, 250, 4, 'carrihuela.jfif');


INSERT INTO casa_servicio (idcasa,idservicio) VALUES (1,1),(1,3),(1,5),(2,2),(2,1),(2,6),(3,1),(3,3),(4,4),(4,5),(4,6),(5,1),(5,2),(6,6),(7,2);


